title, company, location, URL
Full-Stack JavaScript Developer (React + Node.js; Typescript),RemoteMore,Americas Only/Europe Only/Africa Only,https:///remote-jobs/remotemore-full-stack-javascript-developer-react-node-js-typescript
Rails 7 (Turbo) & JavaScript Pro (we operate our business similarly to 37 Signals),TBD,USA Only/Asia Only/Oceania Only,https:///remote-jobs/tbd-rails-7-turbo-javascript-pro-we-operate-our-business-similarly-to-37-signals
Architect (Java  Spring Boot  AWS) / 100% remote / Full time,Modus Create,Anywhere in the World,https:///remote-jobs/modus-create-architect-java-spring-boot-aws-100-remote-full-time
Java Developer,APPTOZA INC.,Toronto  ON,https:///pagead/clk?mo=r&ad=-6NYlbfkN0CE3i-xGI4I9OpWckzYv-8KBxSJXGo3ESvPoZ67meN8_uan52fLSo7AaI_X4kInyp5ij2bhmc_aJjU3IBUWdYPzuGtSVxlclU4cZI_wtTEUkVnfjKKdqI-3eVMolmbrZvmlURdb0wRYzZf5-KXsnUVqKu7FEclHND2iYZVFm5c95wiX1qXibGVZgRGrc_5f4TAFooCELBBS8PA5FuRDq28q6fnEv0olpNh9XKvzjZeCRdiF9gYqe5f08GR_tBY_SKqVSp9QwC1iNKdp33rUIjWGc_2TEXVobI7ZxTYqwqCL7Yp191Y0LOxTP3-ijBF4nPQ-H22EFWPZ62_BOCEOHcqgcHy7a3qM6KvfrNPuBoIra8QIfLAa9znpClBJxcC8sWol_Me_-Dsy1VLE1Q9dQj3uctgzFzrTJuxJr_cTCvcWzT8cpI09GzlFmM5-rdplQDx3JpZ7CxIG1HvF8LR79MQQ2g4NwMNsO3MsRAZVrpB_ykCH9irYY4E71QDbqLWe0M8lIvJX2TJoeQ==&xkcb=SoC7-_M3Lux80UyD5Z0ZbzkdCdPP&p=0&fvj=1&vjs=3
Java Developer,Astek Canada,Hybrid remote in Toronto  ON,https:///pagead/clk?mo=r&ad=-6NYlbfkN0Ae4T8d8VmTS4L24zQvkc2wo_6v7tB23wpcd-J2pDtwl399HxJpvcRotXRW_NBUTvcNfaKGbSUvzbv1WKfJU11cBHUZpXgu37IsAcV-lyZnqdr1SmEyNSUsnH0cvgGgGp3VqqnZ7_ExvJKEFfGIIHGofqlI9NneujVdDGuBzGMOCE9JUINq6sIDCz9RQXzai1L53QCvDd6XSZL2dUMZh3lklmVmUk1Frimr-_qo1_os03VLx5T7XgwAa56jVIBZ4FgYC1fDrR7Nj03x7KA9R_b1wHE0n6erSrFBTqVi5HNjeKxZG4N3Ct1zGm669r0zfay5xhxZwlzwf56LK5KYULNOx9TpcMPFY9HyU4VIbZHL5osoT70KS2q717cmisvLe8SBY9pNCurJst7JJ1eiPf9zj2T8awzYKl0NZDW8cuvs6mgzcws84_pJHEw74YEqSkldqKwpwUYX-oy4yh4ZtL0Wpn4A2bgbouGUFupaxNfSZCw9tfjoRvzKMSQF42PaNyyMuFxh32iEFg==&xkcb=SoAP-_M3Lux80UyD5Z0YbzkdCdPP&p=1&fvj=1&vjs=3
Java Engineer,ISG Search Inc,Toronto  ON,https:///pagead/clk?mo=r&ad=-6NYlbfkN0CngyYFrWM1hC8NjdejxldHdaRKqwZKfE1iN0ynAC8fxYOq2FCBOwctZyEvhqUJ2OAI6f9ES9IDUpItQcatWX_HCfRraJtboRFe6fmBwWeGa7Q9vxUK98BfXLBNu2C2BPImvwPjPmtsR82Q2xCPfC3WNoLh08XugJnjz1lSwWWgwZsTrTYUs2mEnimUZbYqX3FZTcz0kCZ7BXh2NZ6oNiMjo-sGePgMLGoX5jFywOPyLREiCcQXGILw-d5Ja92Wy2dP5tOK_CNI1J-wSiXSALzZbQgr-D70CdrzzphEeAgDW9Vx9v9v5PzMZ1nNdGyq_jHAF3VoX3x8EkcJaB6RwR_a9E5obzuaoNM1B0OdkIdjXD2MTRPviLApLIr4W0J_HahJAFavBn37pzT_YitlfrBBJNID5FLspBLm8VdRGA8kayW7GyMXWNwWb-F51HrP1sPruvOtJkCh5TPlIuiH9LujklyPljalRsdl1ycjM21s3oXwMBFNytyYXJ1fXWxkBWKLp49qt-7DqyluYNHOZl-Vwl40M3seTHSVnCXYdT9FG0zKp48i_iKC&xkcb=SoCB-_M3Lux80UyD5Z0fbzkdCdPP&p=2&fvj=0&vjs=3
Developer Lead (Full Stack - Java/Python/Angular/ AWS),BMO Financial Group,Toronto  ON,https:///pagead/clk?mo=r&ad=-6NYlbfkN0CAu63qYmF4ruMsyyhkvi8oPoP2sFN7ueC2iu3o-4MDNmzeq_4XpHC_D__45EBql-a5-qZ5-LRaTI-jl3IKW4fZ9j4XhLVW_Fz3Mt3DRv7h03iiJNBAaEhlTCcJ2f_dsquthbZz6B93gyAB6m1XJ4VrFJSe6XJgsDe9G0cWjecBJZMnsQUIu-NgWdpqMQJ7IQlqjmyXKePBPcYE_kWH3DxauIR-bCA4sJJMlt2TYVJcaB9iB5xIYtZXlr965W3f9hr2N84OQt0Ldb417XwCFmx_y_VDZ9xwrHjR-ZAhi5DRQ8p9fUq6QWCIJnKxr3_YlGce8zEM2FyA-60hcMiqzRxolkd46Z1xRqEfRKmuPIFX6-ETq-S9wg4ATUfUchi8mMy3bSwN0X8Grl_-rQe84Yoj8-Dn-U3TIdWmiJxeBKGoI7IvanpFT45wcSjSYJv6cNlSabM20AngTqNnH8Ymf4Bc_kPsFOC_UzLyTtEhuOOFg0CYW0tNfQ-nnS8dU-2uY5bG-zJpWvrKviSvvshn08Yhmtj31jrLCpA-8bpCcZxC6Unyri8eWTrV8HtRPgNfpp0cNV69SWmUUxcIPwLTQecd7uGDJqhQl76mDRIrCEXcWdj_CKXeqaj-W_L1yPQrR4CaqnLon1pW4d6WdaflSz_l2zNAZq_ZDeWi4j5yR4GU9I687vlMaEYV9uq1bQWLpMc=&xkcb=SoA1-_M3Lux80UyD5Z0ebzkdCdPP&p=3&fvj=0&vjs=3
Senior Software Engineer (Java  NodeJS  React),Raise,Oakville  ON,https:///pagead/clk?mo=r&ad=-6NYlbfkN0Acnv2mlUAHxqYRpudJ_loJ56rt_99B6IeG0TJxwnmBWLDsyvuVNuwhf0iGnu9PO8gBa6e5Rsp8fS50dIMD8OOjEkY-QlOhw5E6hJLCBADdZO_iHZ5p2aa-KvDKNzt4Ot6nh6D8gOOUPdak386OACSf1Xa2_UiNZGj9t3gCoMuxHT1zmzUvfPc9JU4G_Ya2Lig74XXWDgb4RUdkr5BmzDy29wcYHOga-r4FHpa_QF12V6VBLkDe30YVMgP4xbhzKKLGAJPmLVkjluhUWZzgzHtqRkGXpK-DAfhxmFGnwcWWAlU6x-y3vaAi4Thj45OTlqTeITj83Ixobx3sbIf5LfAc7Q8u6P2oPR1WJkP24qJQPUJYn3Gg1oTbohfbwTUBsRdFnBiZbg5OS8Hp-m0sX7pfiEnuIlIH4-eQuS7v7__wT6UVZO9cjW3nF-xwjKUSDod-_Gan_WzW0bG59vSknC8lteCJ8exN9OY=&xkcb=SoCo-_M3Lux80UyD5Z0dbzkdCdPP&p=4&fvj=0&vjs=3
Java Full Stack developer,Infosys,Mississauga  ON,https:///pagead/clk?mo=r&ad=-6NYlbfkN0DFi1nmQQWK2fa3N4W3y7EUOEocZkWPqKP_f_xZ7ne8RXnYct7Z1zPugy_EReL8URpAZQSweLxgqowO5TABHh7Y1REuAS_zvoDvoc9hy9DW8wSscbsoBpolWoHQzTFyB6xdCdUPlwcWtqFVmEk3O6kB4TojmYkCisj6uEObn8Li-kV5635YkqkUlHWAXvN2B4JQkDs5B49-DTtQZijk6_XKJJ9NXW-SuMwiRvYwVRDxHsNt8NCBgXnN8Lx0sVwNDYkVy8kmzSZ6OVQA-urktH0sFO1uJB07y-DHXICCASm25xeOcoVxMSjpzv8PZMHnqAL0-RF8ZxQF4clKlFBTInHvUib3ehZ7shUAAT3gRgTh1LHIk0OEOCNr28S4sfmLyTHKVmYTjg_iZ6v5TSmxVdCC8yNnJ9ZJPzjmZCVeQ-9NKULkWCdSsJ3E2GeZhvpiJOC7i6NBO6iak0bYkvJmTL8Lbis3HiaTPKzqLSTAaYfDjAOkJ3IOfEDXaxh9deLhD3gABfFzu79ossxTiyzbhCPgOxXNogxQXjaZlaKaGIgXG47kKkBBkrsELnENDLDK2m50CVXON5sANH_q_q4NSnGL3lVhvTa70ml_sknVlCl12EJenXC7BUBi&xkcb=SoAc-_M3Lux80UyD5Z0cbzkdCdPP&p=5&fvj=0&vjs=3
Senior Developer (Java/Kafka),Scotiabank,Toronto  ON,https:///pagead/clk?mo=r&ad=-6NYlbfkN0CQT23RTAjhzTZUVU71IpBGHV5Al1f5Ky2yro0CzurBnxTeTUUdHHX3RCplMuO4AWlJb9fKkzt9-7Q19k5w8EziNNL4xxsnpc38AOTmZaphmTCSAXbCOjx84xNR35Rd4JbxaXGfly-jvFNbKXms1pKQfXD_1Hfylyv0i0sa7yGBI9L_NiAV3DMLn4nrmoIG5jaDpTexc4iJSJf23RWvNSGRNXwg9Rj8anh4PqEA7vvgdxwjJIoWF_kd2-haPOJEw4vN5jU5Ht1qWy_UXk959ZRpQ2MwsrpSpHD3aBDSH7Li3kP_6d8u4WaPW-1y8UFmg0kSsEA0SMTSGAsqAxG53LZIuJQMBMjJejIYJIn3J_nW7gnL1sgQC021_kHxcHVaH-eJT3gJRu7L1U2CbmMzVt9AlIW5WpCDJzRgHIY8UWJFJ_ExUfnSJL0SjgndAbYr302gckklGbrN_r4_45ZGKDA0qSL_N2SczXgY_ClU3-PfXTpHMAMXz64ucDtKaNKjtrSzpVyYDwdClWEmkP7IZmWoDSWUFunw0zwv6fG32Q9i_ymvuXaqIPN3pxkj5PFcWHrN5K0lxdvBCpk_K-iyaUfjTzZEcEcZRqWCBOdoax3Etotfatf30mZ-ld7Cde6ayRDhOFfEzjafdQRe66MoCh2MRyApmhdnx8SCHwdUq8Ox03wafbzr096OlRjqkxixnQWZbNUM2l-a3wMD4j1UslBYcqX7nz8J7Nc=&xkcb=SoD1-_M3Lux80UyD5Z0TbzkdCdPP&p=6&fvj=0&vjs=3
Remote Position :: Java Engineer,Telna,Remote in Toronto  ON,https:///pagead/clk?mo=r&ad=-6NYlbfkN0CUCvF93Plaor5u8W9sNnvel5I4289xxi9nFwFtb542i0XOoAj58rCv3vWz02jBdzfDhPx_LPMpDhXfez4qSmlwdsEkLsGSqgDf92xZChQ3fsQSuR86ixlvOFTaU1RMrDMV-xzKfnkgnTychTA40xgaOmOMvuUn07s7Rav4ZuWbnvCOORKdGfXrBPJYpjfaO6KMaDAlzLtQ2iF_YU08NGIqgzjU_G79m4FBml2J3mFrD-Ffph3tvE322TWhHxsmadXlGx2obhIG2JSFiGN-77DkLZD9YY6kfD71oGGfVeJQpVEBoDgrCQLTuN5Ye0m1xECZwg4Sk9MD-ZOhYge4A1HE_if5jMm5uAbgFG1_qaCpFrgL9z0enQI5-fOg2oAKbhqi5m-9U_D8EwcYV4aIXS1Iv9VuAsYXCDCiRe0M2oApUbzcqbH-zsk8eO5jK7N27brDvgWSibUQFT1tHrIEnRtkqfjx7QIyRwLrGUleUktJDkCLCulvlcJggsyeUtb-_PSqBkvEGqRMNQ==&xkcb=SoBB-_M3Lux80UyD5Z0SbzkdCdPP&p=7&fvj=1&vjs=3
Senior Engineering - Software Engineer,Capgemini,Vancouver  BC,https:///pagead/clk?mo=r&ad=-6NYlbfkN0BCspdfmHAnvlT1rssiZIGnwSyIeFSfDwcI4v3Tox-fJOUT0H5my_4lg1kE8Aw5bmMgdeHBkbpTwkwFBiza-7s01KGbBIMRlptmUXpkqj_7arHWpk6xZf33V-NvS8mRDylprrwuqangc_wwuay9f27YQcy93Rjqjuyz_jnibKrwMX0je3tzUvp7CXYfxvggl88-Uxhe5h9HeVNxMgoPGysD6yLEiiu1Cp96uQVG3kHrwaqLOEV2BT2CitpYAbjxYRokcrnsBhnQSUZfeM-tMVKUAlkuzo9UOx_VMaJhStFgRD6sB5Y9Xbpyf9cKSe5TG8t2qj4x0zyqhUUf48-l4Z_feiTg-Gjz_E8x5BiJH_QQRI3O0wevIiT21ezoflRaMW9NIOYDfiCVHpSX1YqzV-70Q3uIz9Dc9duFYef31QVSzWw94KJVkG8ivKkL2oaTIU-PbkHTQtBYXDdaV1zArk46InB0yd_8bz_sodz_FgRDXKd2MOaXN0vSyVuxn8mu5OMXmeYTKKe-RRJEXN5OO-Zv8ZoAo0FkxlxOaJ3KH-zputsSyI3JUuDtWadX_b9fkk7vhEZwTZeSDw==&xkcb=SoDc-_M3Lux80UyD5Z0RbzkdCdPP&p=8&fvj=0&vjs=3
Java Full Stack Developer for Canada (Remote),Allnessjobs,Remote in Ontario,https:///company/Allnessjobs/jobs/Full-Stack-Developer-be262f1ba8289485?fccid=08e7b658ebcb2b3e&vjs=3
Senior Developer (Python  Java  Django) - Education Platform Company,Groom & Associes,Remote in Toronto  ON,https:///pagead/clk?mo=r&ad=-6NYlbfkN0BJik0eOC2RiRcwALxZHhvolY0CiBGpIrD3jqHmT6hgcg0Bl5CI1F9nDPQECOkk1veTgwn6XANFRjCqSNxuA-_MKVrXeEfPD8uw6swaWBOuxgANtpJxN1cHO8EVP0UBYSmvp2qpZ_Yu3q8jI0lIL-ibaVe7IWkGJX0JpwssCA1bLlgYNXLTpdsYCjz9GCGMUXtXA8vOh2qkVl4p3udEluNcBy0rc85AVLVysLYLQJHx-EyOa0_TBf0HMkNiDW546nowswIDUtuaSeyVKkBQOSYwlQ6yEWxM1fJqUH4yA7U7PMJxawE50so4P_TTNmB0f0Dgqr8_e9kiEg13K6FYKHwMlJaeWKtJqYLXzZoFiccMws-Ap4diKn2jNwv_jRnVFvwPHrWjz2w_AW2Kauc1gexqFEg_lt0yfls3u0SvuuMhNfaNnxE9Qljyda4O4hJxrDBETnWwdr7l9rwr7jZPzykrgRoKrZQ6Vkdlka-ol5ZojMCNIefbiwNkgprQ3awX1cIxwkjCPt2Wz0V3I8vqNe6pymGlqFbz22agVUn1u8T6tgl05fILPMuzr5hYZr-qwHmSVMb1NuDEBItsOaUakRSZAsyniWhWcAE=&xkcb=SoDm-_M3Lux80UyD5Z0XbzkdCdPP&p=10&fvj=0&vjs=3
Backend Developer (JAVA/ Clojure),HSBC,Toronto  ON,https:///rc/clk?jk=09b04fa1e90cea15&fccid=04c9b139c84ea1b5&vjs=3
Java Developer - Toronto,Priceline.com,Hybrid remote in Toronto  ON,https:///rc/clk?jk=4a7bb15e6404dd0e&fccid=e3c82d82eecba317&vjs=3
Développeur Android,Bell,Hybrid remote in Toronto  ON,https:///pagead/clk?mo=r&ad=-6NYlbfkN0DxW3OM1dn4HeftUzXL-lmjiksKfnxMVNrZg3ne4Sq6B33qo7TNSxVaeVUdjgc1R5EBcShoYln7Fj4YEqRvyjdqMfweOYCzU_q1Hj0AILTRy8jsy-2PJRKWbLln6KsStEYfEqMTWH38FZBJoBFo6Ds1r0kFhK89_EocB4ka8oqzmj4wzIR2_X64GANsop0qUEkPFgn7t30tbgpQNQBDGJY3zrVx_4d-5sq97Bn4r08cZV_8Ftl7X2Jac7YnDU5Qlm-pA9t7aUay15px7bpY7JmGGzv9EwWwNlHZbf_XCoNMzskucR-DIZyIVvGPir2bA4d3U5m8vtoDXhoxCkI5yL1mZVD_jW816RfFNEvr9PKceA7fbEUTs2qZ6GJCNhYrhG9j24OMke3i4jIiYJGdEltQHRdu8zWlvzAi9ihaS9w_zleZrsV4VcRXtN-hIszSHvR0SZU0Fzk_k3QDXU9vvkOvjfuAR8zhCuoSvfzEzNSSW_IuEFjUwnaKy551-3gihL5Fs_-_YEb9RKDt5GWaaeujBKss93yxfto0Ufn265NV-7Qqe7ZN12_bd2MyA3pJbdXP_dSJV2S_pWEwzrhf-GedatFzMmqBRrxFUTZWQKtYGIIlFUumdyQMztafqBe_b-k=&xkcb=SoB7-_M3Lux80UyD5Z0UbzkdCdPP&p=13&fvj=0&vjs=3
Full-stack Senior Developer,Scotiabank,Toronto  ON,https:///pagead/clk?mo=r&ad=-6NYlbfkN0CQT23RTAjhzTZUVU71IpBGHV5Al1f5Ky2yro0CzurBnxTeTUUdHHX3RCplMuO4AWm1myEtExKZMdCxflJg4TNwTblJY6SsqxY-ZFqPxXPQd5-hOzSIKJzn9WoMK8QjxfN6GnB1A3-jRZyvBpBFuA8JKfV6l9g_VzAtwE-M67X2lTxES_OIPtAzOYt3ES6Yu3nAYfninovBfTbfVwYjyoKYNNKre7Xz_qPHzJCFQISNdtSnI1WCPVWp43s8c-lhYnZYPawSI67ktMYgjpHaum921-gdirhIGMInRE9ORtFhbsDJN-FlBGYg-7Y4hkO5XNZEcWZ7E1gJhsyAjB9CMu2_FdTwsX-tUg7LbR_K8FF4CIgnFsfbfWzkSfIKmfFvQSNxWGKpS8ceL8jUPy0idTT0rw8vmVr6TjyoG5Cjj-iBuhqTonxlXyAGvZFi6-55RjGlkJLshjdzH7-hTpK8JnyJxNBqlwiDTJ73zAO06ol0TlQc-m9rC3JWaOU5MnPiFHotFG_WFllWtV6OUEDFOkKsegeIzJVgV8DrlMkWCCjMOPe5QVlRD86pS92GjBvnvN1aAD_SUNhLvhEPWoOKiPWvTxiHf3kDSNBpakd2UDJ0z0_DCzhnfPluQBAkbSzOQH6MwmqULReOGIeta1E1Uiz9w40J-7BBogx7cR_WfjQGxUN7Pm7STe2eG5_NFykBCizcELZTgEuuIauym4cqiagS&xkcb=SoDA-_M3Lux80UyD5Z0rbzkdCdPP&p=14&fvj=0&vjs=3
Backend Software Engineer - Java,Afterdata AI,Toronto  ON,https:///rc/clk?jk=9eacf15bb3e58a66&fccid=61bf7b00713b9ab1&vjs=3
JAVA Backend Developer (PostgreSQL & Mongo),HSBC,Toronto  ON,https:///rc/clk?jk=bff2b42bfab2c1e1&fccid=04c9b139c84ea1b5&vjs=3
Développeur Android,Bell,Hybrid remote in Toronto  ON,https:///pagead/clk?mo=r&ad=-6NYlbfkN0DxW3OM1dn4HeftUzXL-lmjiksKfnxMVNrZg3ne4Sq6B33qo7TNSxVaeVUdjgc1R5EBcShoYln7Fj4YEqRvyjdqMfweOYCzU_q1Hj0AILTRy8jsy-2PJRKWbLln6KsStEYfEqMTWH38FZBJoBFo6Ds1r0kFhK89_EocB4ka8oqzmj4wzIR2_X643dLdKTraYkUdXYsTIfcyoRSKMK3CgZ-luB7aIvIYSbOi8FnfPY51hcQL7Fl1FoBzXd9bdkKh3flLOZLHxyjWJZiRUJUUXAkHcuEwMa8OST-jlaWtFE4VdCS_OlHWJGl4vGy-6DICdfXVSZ9SBepKEbZEWC0g2NyZ7cY7M1f8aFoIuCM9z_Q0TJ8zbKbQiCWj2PEplihKtQzCeoNGtUFQloTNPCzFdtvnQhv_lxZ1PR6GFodR_SM9abUUeIBsOZh8HBmM1zEia51c_B8B8nTl16Rr8nCc2VfU8_IK3SGi06MwtWWoLY8RQHHeGB8SswUHZxYtd__HgAMcugtjfDSXx-Glg7V-t1i2GnH3a9HdnLytpoqjVuBmsJw49YnI2aHddicTmZsfJjiSdheGtRMm75oQIgm74MhZwlT5LNL_SKZetw8I79_bx8ZYjV7--KJre5pjklxcMFY=&xkcb=SoC3-_M3Lux8vByD5Z0JbzkdCdPP&p=2&fvj=0&vjs=3
Java backend Developer,Violet ink,Hybrid remote in Orillia  ON,https:///company/Violet-Ink/jobs/Back-End-Developer-d8372d77dfaa543b?fccid=83297c5c158caf38&vjs=3
Java Developer (Hybrid),Altus Group,Toronto  ON,https:///rc/clk?jk=e4ff0f697acd8107&fccid=67fbdb0463ba7ad3&vjs=3
RPA Developer,Raise,Remote,https:///pagead/clk?mo=r&ad=-6NYlbfkN0Da55cD5SyBLpPH7k1CrVrulUOH2z8rmQzTVue5eMZiIcz7IRFKiITIBX29Nvqo_xWu0bNyDBMp749bXjmSmrbMjGKsAkD369XPWNTYBSKFvmrhfiaJWymMTHTi0GYe8Gy20Z1My3WSeITedg4FhBX9olcTQ5gaCsIluIr-Ns1iwpkaBPwynqiOETSYq0Ypr7e31SFgfxNxPZehE2fxk91ZArBQwP5ftyZeMopMoX3t2G34E7VsHZu0YAN9fgbqBHRmT27NvU4lSVKtnl2qGkvbI9BFqTCZhwacA2AngFjwE8CSO_UtJXm8VjQ8H7z2wpz43gloMY89TnytNfjQgw7xTLCNPcgG8J6sq20R-7NvvyTQNM5HsLsmzCr48K4habZrEOb9V6t8o0K4VZfnv8R7_BsZast8k3BZF8-Rcn_2D4z49dGMfKxsBkwJP6WLS6UlbqgLLJpntmxT33M714l3qjDNlVBW_SkXb9Gn-zaGBS5GU1hz3CY6sR6XspTeN8z_-fbYQCMNSg==&xkcb=SoA5-_M3Lux8vByD5Z0ObzkdCdPP&p=5&fvj=1&vjs=3
Java programmer,Anywr Canada,Toronto  ON,https:///rc/clk?jk=a5a0ce62f38e623a&fccid=27d4d28554e9c5c0&vjs=3
Java Developer - Financial Services,Software International,North York  ON,https:///rc/clk?jk=3378c49646a2eaec&fccid=991677c8d1dc29b5&vjs=3
Java Developer,Capgemini,Toronto  ON,https:///rc/clk?jk=5e45eef58a7380df&fccid=105ecfd0283f415f&vjs=3
Java Software Engineer,Dynadot LLC,Toronto  ON,https:///company/Dynadot/jobs/Java-Developer-93b810cfacc00062?fccid=13e55a3d69b50f59&vjs=3
"java developer",Atlantis IT group,Hybrid remote in Toronto  ON,https:///rc/clk?jk=f82ff24676064504&fccid=2009855d38d34a84&vjs=3
Technical Lead - RECRUITED - CAN - Toronto,Randstad,Toronto  ON,https:///pagead/clk?mo=r&ad=-6NYlbfkN0DL1mgBEyOWwKTdt-fflRYWJGo3trZEDUBRi3gbejz7bWg2_NA_xF9thwpLTnraOiw3Tvw2VvUpE01HPQV-w49_ee88Q3GWyHy19x8_qWVhl66zUhftlsCm0BwGokIyJDQGyyfXKnZICiRTG9HCcJn70zArzQrRxrV8ATWw9G622hqXxiKgCyheA0CWgTu89FLvp9x7wyZSLYktcotFyxRmSXiG-yarkgTryhqFdw1Afut9gFfQnJFsV1LcjzXcKGx2WpuZwk9pKuiGIf3F5xxrQK8ICvDc2Dl4NFEYPbHD-jFY7aqqGjbP3koq88CY-FoAy45_RJSo2vBmZoDTJZkFA-a1AcR_D4a_AsIg9WusRl616dKDtAtwzf3x26fzczNubzbpmkEH2jABUgmxxdInLOfGB8htYo9SzmY5UAXU98X3jGWB4Q16j06Ximd5Q7GS-iYlSafAzXuW1boIo1HwjfrfeC127cJwbKv6GbzD7mQJh7ms1fKND_u_ugUcuKZrIDNojE1EdGTUaGPLM8oWx-tes4kGLt9cq8xooYWti87_89pQLgnV-Q7DTX4-hcRmFKq_7RLXPbRJgEgGZAkRVOmcHh_kg2k4ZfovzRejO5bR9U7Fi8-sq-A3_qirDVRoekL6C9-o3wLfk5VFddL90Ce-aezfPYVg5U3knq1ssIciv74R3tbdw4YC0NhS_EQEw3Jv3HUl77v5E2V0nfCk3RXmhyHTajWIGu2EDz0Jzc4dD2UTqjqIIgrGadwYjWi0BYf0N-B0vG4J8unyugLdW5nk9FF7n8WiewP8QEt54ivpHRDNsdA__nWNp0DUXF2RhvgowrnOMXZOmGcbjNZdqyqKzg4xqZokGymLjY-MYZZKcBgGdUK7s7vw7GKB8A_TfQcZOh0ANlaD4cQm7qdxvPIUeYSUaoSR_Q-dmbjQuu_thWmEu7bozyq-ljRYzV3xuu_H0vYsERe_k_A0IIrA&xkcb=SoC3-_M3Lux8vASD5Z0ObzkdCdPP&p=11&fvj=0&vjs=3
Junior Support Specialist,Advantage Group International,Hybrid remote in Toronto  ON,https:///rc/clk?jk=eb65d97390b59345&fccid=32ace2a232a48768&vjs=3
Senior Data Engineer  New Initiatives - Remote,Dropbox,Remote in Toronto  ON,https:///pagead/clk?mo=r&ad=-6NYlbfkN0BXuQyu8a89IGjYOqzws6EwobUQWMJj07p0mQmaAEzBisd-4KyteHfkLpWPksQYKYBwBun5-ReXw7RdxaTSz9EDOP0wgYUpDJsrO0FCdtLA-6DWeD94C86hR31CPMVmjQDChDeLdbv0GhpC13k8ISmCSXGr5r-NkMm0f1AjYHfzrxXX1uLRCokcdBG13jsbfh3IctK3Dt9AbdRZNEA41vQRZoQdKntFMlDuBtDB2arhXWbbN4dHGA9IcFKxYVisKObGlr3n51nqo7MCBAU6A3OhuYCDowbjLOsnkTnDnrRqk--pCiO1qWluJ3wiyQ18rMD0RrZqnUY03eMKukfbqvJDEOfCZMyPj4ZZHoIFUOWygrAL1ytBe6BZNX5wtUwBdhDUgjChfU7OgwqOV-D6q3lMNzbc07rrPZsKx3uSbBWNDWlxwm1pvI7T8C51H19NUkxXdPteK5fLS1x-OJAjfGC3K6JFFCdiPPcEdgwMp8-moEitiHx4FBIEYcXX-F_V3f3s_BXTKzceWKEFX5JwQZHazWsA5se2KqKhHNZXFr3C6Wgvzdy3DDg3iAybwKRky4lE_XbAf22UJ1r7GazONzvKbzGuqcR0-5fk9fDr_XHirZ6ApC0tM7F4iYqObXjzFxLBUjSkkagR7ectvlmBjLSfnQf4PYyYzPObAJZRkYpUh9jx9XQxcB4d9xUhLzMbP9QqMiQotsj-o4G-WPQnV6gcRkSMXh2oZ_pUkECsitmTl3UmyeMMcli_PiwaX1N00npUYhU5xObUfUAOuqyTG82h6YxZ1z50JnWLM9VT9jeerg==&xkcb=SoCe-_M3Lux8vASD5Z0MbzkdCdPP&p=13&fvj=0&vjs=3
Java programmer,Anoosh Tech Inc.,North York  ON,https:///rc/clk?jk=e398be857734fc9a&fccid=b4fd47df9eca5ee5&vjs=3
Development Lead - Java Specialist,Royal Bank of Canada,Toronto  ON,https:///rc/clk?jk=6502359bad437e31&fccid=537b899e30af3338&vjs=3
Software Engineer - Java,Veeva Systems,Toronto  ON,https:///rc/clk?jk=dc152d56ee5db788&fccid=353eb997fc901045&vjs=3
Java-Script Automation Engineer (Remote),Sunsoft Services Inc,No location specified,https:///company/Sunsoft-Services-Inc/jobs/Automation-Engineer-ffbd44bae3fc720b?fccid=cc238bb5243e0127&vjs=3
Technical Lead - RECRUITED - CAN - Toronto,Randstad,Toronto  ON,https:///pagead/clk?mo=r&ad=-6NYlbfkN0DL1mgBEyOWwKTdt-fflRYWJGo3trZEDUBRi3gbejz7bWg2_NA_xF9thwpLTnraOiw3Tvw2VvUpE01HPQV-w49_ee88Q3GWyHy19x8_qWVhl66zUhftlsCm0BwGokIyJDQGyyfXKnZICiRTG9HCcJn70zArzQrRxrV8ATWw9G622hqXxiKgCyheA0CWgTu89FLvp9x7wyZSLYktcotFyxRmSXiG-yarkgQcIsv4CXjnQq_SykXSCM0EdiS-CzNxMJu2hkTe31yDRfHfdtqb0P3lo3UxxXPqj8SEP5tZ288SNn5ILrIn05ou7Gr2hklN0oknt-mVPK1J_IkOcLSigbR9ApUSBL6CXJoH79SO4hXHKlcr_P0xG9oVbGj_8w7i6OtkUZaIDmEshyfT7BIhV0WMEtFc3eDeMrl2BMha32sbU6Z79sBKsweL8mjR__XVyeY64M21XPOuGgl5XZx09yiJ6_cBo3VriYoI9vamEfwHHOQYOcuC9fpwS1YzbZdt_PHEItihyUGGV0GsIpFhC0YhlxxuWceX-fomNN38_7-bV3mkhlS4BKdjDIFPvIx2xQeLShlSR7wsq25HRDJkLRrvTA_3oaBLTOORbBjrdhvjsCft7CO3rL6NWG9k1Wu2cU3_Iifrm_A818mqo1jGQ8ZJc-7Ji0UpEjBIunyS3-Yu7IVbjd6fdGu7REzLyNBb_UcKSoFc6GnW4rmCSKFsM-ZrNy_gXaLop0buNkTo4qULjAf3BLeqRcflgUCLrP6tncu3_VdMS8sy23-jtjgrpoHvQVQBF1oMgSkQHNQelolOPkEXGZSTPo_e0orM0mm8mgDUefmD7RJvSCD2as1hpfpWyPHrynRlVGKj6ucksO7Qpqv4Sw4LMuFVTcUF-OP1YmRd8xtBtdAsJdnsRVQxOmhTVrwOJENol9RlBPUu77cp8FcbIH54ntlxz7m73jjm-pd0bBgYqH4wD1bZ1Dg3nm6h&xkcb=SoDG-_M3Lux8Sew8Ex0BbzkdCdPP&p=3&fvj=0&vjs=3
software developer,Niagara Gem,Niagara Falls  ON,https:///rc/clk?jk=eaf75f0f9576d437&fccid=444bf6671a70b829&vjs=3
Java Spring Boot Developer,BrightOrder,Remote in Ontario,https:///rc/clk?jk=50b853a46522d3e8&fccid=5e537fa09de8cfd2&vjs=3
Senior Java Developer,TD Bank,Hybrid remote in Toronto  ON,https:///rc/clk?jk=a8deb16946bb4197&fccid=d7114f1cac8d0711&vjs=3
Java Developer,Tata Consultancy Services,No location specified,https:///rc/clk?jk=37e2beb6ecd381d2&fccid=d9b9208177142548&vjs=3
Java Developer,diverse team,Mississauga  ON,https:///company/Diverse-team/jobs/Java-Developer-784b7f265d592c42?fccid=36e2894f709196a3&vjs=3
Java Developer - Backend  Capital Market,Tata Consultancy Services,Toronto  ON,https:///rc/clk?jk=ecf54d905214f635&fccid=d9b9208177142548&vjs=3
Java Developer,UST Xpanxion,Toronto  ON,https:///rc/clk?jk=810aa23442367de7&fccid=8d724ebabd858f0e&vjs=3
Junior Java Developer - REMOTE,Software International,Remote in Canada,https:///rc/clk?jk=4b5074ad1c73e258&fccid=991677c8d1dc29b5&vjs=3
Senior Data Engineer  New Initiatives - Remote,Dropbox,Remote in Toronto  ON,https:///pagead/clk?mo=r&ad=-6NYlbfkN0BXuQyu8a89IGjYOqzws6EwobUQWMJj07p0mQmaAEzBisd-4KyteHfkLpWPksQYKYBwBun5-ReXw7RdxaTSz9EDOP0wgYUpDJsrO0FCdtLA-6DWeD94C86hR31CPMVmjQDChDeLdbv0GhpC13k8ISmCSXGr5r-NkMn11c7tT6VgTkgL0Sb4Utvn0b0TNRUF-eavaYTsjkbn9Qcibas8_lxQ4VTHemQJ3L2R1JBkT0L9asOTHhASTVzdDNsni_3pf4ptvGyV7D9UEjtcMqoF5AZ5V2YAS6m_Lr0FCp4uK4Z9ZFsQcIuPqwfqLi4FnVW3yCWyj05g8RuS76SIFP7Oj-WBqwwFYfu03iNcsHxw8NCf3AsOBDKls-upJdTz2TqIzmKo-RVx-gI1Ccx65ZmUSee2pGEhX0J07kxcsC8pS3IMWeRnyiFfZ7Fn9SFkUsn_9n1i73GIc7TpcXU7OEa9AwrD2f-dqyHJsRNn80UN8fgFznXyNb602KC3d29oNk_ZhvQPXPmlFZF47iea5-XnVVfsMXti_siXahIBxZi0mWVaIsqm8vQflzHN0kwz_iZMwTwLRtwMBqbiVyWrY0wK6_HHDnQ1_qGPbQP_QxP0qQIUTu_6jgHLrPs45vin0B1UrFr1OUDoBqmugLmN4YtEtW5-pqalpsE_bFxzJFfeEvDI55FpG_vFRj7pjNB5wfKNdX83R3ux9Mua8z-7RF3a2hnwtFwdUQjLd2GTw4gpE7kihmggNOtde1lREZqzD2Mugl1os5yRypqs7eD4hhCH7vu-Qwt2HjNwAEafBsT_D1EP9w==&xkcb=SoDb-_M3Lux8Sew8Ex0YbzkdCdPP&p=12&fvj=0&vjs=3
Senior Java Developer,MSNS HR TECHNOLOGY LLC,Hybrid remote in Toronto  ON,https:///company/MSNS-HR-TECHNOLOGY-LLC/jobs/Senior-Java-Developer-05fc25a27b8961a2?fccid=35910e8c1081b970&vjs=3
Java Developer,Compest Solutions Inc,Hybrid remote in Toronto  ON,https:///company/Compest-Solutions-Inc/jobs/Java-Developer-b516f8c25c9b279c?fccid=80bee7d465f5499d&vjs=3
Fullstack Java Developer  AWS Lambda,Software International,Toronto  ON,https:///rc/clk?jk=735417580082d0a7&fccid=991677c8d1dc29b5&vjs=3
SENIOR FULL STACK JAVA DEVELOPERS,Aversan Inc,Greater Toronto Area  ON,https:///company/Aversan/jobs/Full-Stack-Developer-f2a6c0ce2e530d91?fccid=1096ef5348c4cb1a&vjs=3
Java Developer,Visionmax Solutions,Remote in Markham  ON,https:///rc/clk?jk=22f7a8bacdceb708&fccid=e9ea0e9874fe669f&vjs=3
Junior Analyst  Programming and Reporting,Canadian Tire Corporation,Hybrid remote in Toronto  ON,https:///rc/clk?jk=2b17d48dd666fb33&fccid=2e16043297423070&vjs=3
Java Developer (Findur),Bank of Canada,Hybrid remote in Calgary  AB,https:///rc/clk?jk=49f9dad0bda08dc3&fccid=f183060fc5182bfe&vjs=3
Technical Lead - RECRUITED - CAN - Toronto,Randstad,Toronto  ON,https:///pagead/clk?mo=r&ad=-6NYlbfkN0DL1mgBEyOWwKTdt-fflRYWJGo3trZEDUBRi3gbejz7bWg2_NA_xF9thwpLTnraOiw3Tvw2VvUpE01HPQV-w49_ee88Q3GWyHy19x8_qWVhl66zUhftlsCm0BwGokIyJDQGyyfXKnZICiRTG9HCcJn70zArzQrRxrV8ATWw9G622hqXxiKgCyheA0CWgTu89FLvp9x7wyZSLYktcotFyxRmSXiG-yarkgQIodubniXwyptD6RDM7F4v-7Vwu1mNZkMsVAGvkuzflZNDFZ9CprodWfxajnbp1yVlACraziTQoPzpjJgouUwVVPqmtTmkQFxIFQkTpNXa9QNa57E2FlErm2K4Qm2pi7cJYsNy5d7i5ghcZyo0-IqshZp8qUQ9sF_R4FFv4MW7XUC-EEGGyWJfh50eRAMYr-4Y4z-sGuMCwGdsC9ZP2_gHN0i5Do-3SSDeC3_P85-ac8DG0uWzDx507sjbqa5uz8wHToHh7g4gkLSD15XSS1-0nYHsYwFULd6PuyWjbdHF-G1J6xn4JxmrqUXFI_R-y7_L52OHLXBEygStzFFgi1ClD75-WlUSJMwl817V5nvrpdLvMj56et_dH9XIEIxaH2hi3takI2HK9920NZeIh5Tu4_hd6ro3Eu7Wgn4zolgjsCagTBYbWcGUUTXoSbU4-avDKQVMS8o32NjnZjtGmWg93Jf_Zpx5wSgyDAdv7WZNn8o65LJ4lx-e-1hF3ud3zpE9ZFtYjOmBeyuYvPm1DoSNn7vwCFYtZjWNP_V7wawGAXUeiZKltYq9aPhXV31ulsG3GGvpSlHkmtR4wBYG-ccmxQG8xckCMsIj9fWQgTkn02RS_YtqUNL4cXbBN2bYUDt0peQdKaOHNrCEfAkILhuiUauMGFO5fTynsr5Um88hSDqihEfjGcSk-rA0icRtgAClFmWuKAGlggSm2oN7nAxlUjZIVTHZPZNtJZ4eCIR5lMdqJbdW0aZ6&xkcb=SoCj-_M3Lux8G5wga50NbzkdCdPP&p=5&fvj=0&vjs=3
software developer,External Technologies,Markham  ON,https:///rc/clk?jk=3576dacbfe07467e&fccid=c7795c6f5854ded4&vjs=3
Sr. Java Developer,Virtusa,No location specified,https:///company/Virtusa/jobs/Senior-Java-Developer-7daca3183eafa1b9?fccid=146443e77d8c0778&vjs=3
Software Developer (All Levels Welcome),Canadian Bank Note Company  Limited,Ottawa  ON,https:///rc/clk?jk=4a797cb8cde6d3cd&fccid=3d99c186f1e68010&vjs=3
Senior Software Engineer - Java (Canada - Remote),GridGain Systems,Remote in Toronto  ON,https:///rc/clk?jk=b4e59c309b843e7f&fccid=349d79a238379bb6&vjs=3
Intermediate JAVA Developers - Canada Wide,CGI,Hybrid remote in Canada,https:///rc/clk?jk=d72a45ea5945c380&fccid=43a69183767d4301&vjs=3
Software Engineer,Evolura Technology Solutions ltd,Hybrid remote in Mississauga  ON,https:///company/Evolura-Technology-Solutions-ltd/jobs/Software-Engineer-4e24f187c0776c98?fccid=d6c9664df8bd3e64&vjs=3
Senior Data Engineer  New Initiatives - Remote,Dropbox,Remote in Toronto  ON,https:///pagead/clk?mo=r&ad=-6NYlbfkN0BXuQyu8a89IGjYOqzws6EwobUQWMJj07p0mQmaAEzBisd-4KyteHfkLpWPksQYKYBwBun5-ReXw7RdxaTSz9EDOP0wgYUpDJsrO0FCdtLA-6DWeD94C86hR31CPMVmjQDChDeLdbv0GhpC13k8ISmCSXGr5r-NkMnRdJq_55jXMdJOYbdvfen92lKOTKDFbn67FdyDjD6nQnbKv6kESyzTH1Ca8SoAEwa16k91erCTR9UVqcuG8nHYkBMx9SQ4lHpW5lJYQ-8N00LtSXDCZlIekiCNQ1MVLThuPq108kp484evdBf4T27smBfloIdwB5kdYzJRrasS6yg6c6lVPuzcQlSPxRzQp-THYcGKv0xhbLjrAHVohARKHW7uNuYvfQP7mSsHm8UQGnpmmrSn0DC6imvS-_HRQTfZt4ib6pdIYI503fEsJor3QzdtMGC07nPr-ltiblofVljePqg3Lgdo-YgufwoRueXtFWP_emYYe4Yc5J3wzbeXwSIi9dOUDR3i9q5j3UJq0p0uq2ZMcyHcddUIG4ybh3vjXzqTUd4wqQShi78RwGiRjRsHHg9JhI08dOGChLR-lk1MJL8wReaq31uKi5WF6boWz1L2lDg2nqAbzEGF8fy9VDExTetAe_wI8HZ9ZPNZaZNle-6eBi7F0OC8y_T_rXOZ2OrHKijkjtwuDuhCncgW2SGifT1XWS2Ou9CCJRMnJRN_RU3Sj9SnsoGWlqYxsmAAlQ_MF-FRdZcR6oADw0kKzoPOzjXIGaY5_MR03sVQ0FnAjFzEcu_QUjdx4qXDrCc9zZIHKBgvTg==&xkcb=SoBZ-_M3Lux8G5wga50GbzkdCdPP&p=12&fvj=0&vjs=3
Senior Java Application Developer,Teranet,Toronto  ON,https:///rc/clk?jk=c7dd72ca77a40e38&fccid=e03242f0711ce1c6&vjs=3
Java Developer,INVENT.us,Remote,https:///company/INVENT.us/jobs/Java-Developer-959b65a76df2a398?fccid=6f92b16a8f7d2522&vjs=3
Technical Lead - RECRUITED - CAN - Toronto,Randstad,Toronto  ON,https:///pagead/clk?mo=r&ad=-6NYlbfkN0DL1mgBEyOWwKTdt-fflRYWJGo3trZEDUBRi3gbejz7bWg2_NA_xF9thwpLTnraOiw3Tvw2VvUpE01HPQV-w49_ee88Q3GWyHy19x8_qWVhl66zUhftlsCm0BwGokIyJDQGyyfXKnZICiRTG9HCcJn70zArzQrRxrV8ATWw9G622hqXxiKgCyheA0CWgTu89FLvp9x7wyZSLYktcotFyxRmSXiG-yarkgTqJaXWr2NZe01ELIMfPQiEb3tIr8VQhBv4shvwtsz5ZZqrObvkQYNlgF9KqxQSoGGIl4F7UvyyFI5vbopZ_mQ89WWeqpcFK_ZkfTysLAUbx13HPW0XVtPU_ryiWHLVfLF11gj59EThDg1M3GXS5FJkIRXLZP5x4SDwnG9XUoC5tcjHlMZLSR77xW5_Vzz1sF7CHcN2UjloZJoI4gefPKs4AKVRg7tIcMOwbWv5ETK5XdCjcP8O7kB08nzrK99Z5vItvYu23tzMdp3NtrDUXMZ8opXyKvIxiHy1ecRl3YXRFXhgIob34aDShix_AceXwPorGi33LplSTDxkMo83G8SfoixJb2gEKUW0h-POKCM0tdjAKNOTC6rGPyNZtF3uG0l3AYB6J5CNzkSMGSWbmqtBggXRKn_fSJ32VnGaaSCm1eRrlEjPnZ-vf3YqBgkRy7YkYzBhqzOWcmHDIveG9V5dMuk2s7pGBQmBQm1Es5SYgX-B8ADu8GfUUheJ-MXrq5kgHPyDVpRroHEGX6sJVsLZuyclIOUinTzxbQ86Q2slVkmfuCVBuDGL-mEuftw5L1FTEhO6esfUhnx9hFtjAw_evgxxa9M2nIfWN6i8ywLk4ZPESXtLe2ty06fUSCkxZqXbV4n7TatIllOkBZjVYEZBcJOdiYejXfr5tTeyQr1QVDA0rUAAPoIdFmUQkOMSRpv8fBKB2mOzLhDIVxXmUF1BH2W4nfZL-Sw7ICct2SAD4J2fc0Ze0p8q&xkcb=SoBR-_M3Lux8OIgD6r0LbzkdCdPP&p=0&fvj=0&vjs=3
AWS Java Developer,Purple Drive Technologies,Hybrid remote in Toronto  ON,https:///company/Purple-Drive-Technologies/jobs/Java-Developer-923b366c3cbb1ca2?fccid=b50885016c495d25&vjs=3
Java Developer (Kafka  SpringBoot  Kubernetes),Dawn InfoTek Inc.,Hybrid remote in Toronto  ON,https:///company/www.dawninfotek.com/jobs/Java-Developer-4beb33a04c498cac?fccid=b92bdfc2ac8613c3&vjs=3
Quality Assurance Analyst,Mortgage Automator,Remote in Toronto  ON,https:///company/Mortgage-Automator/jobs/Quality-Assurance-Analyst-9c6815e7f0d323de?fccid=02217191a149f180&vjs=3
Java Developer,Nurun,Toronto  ON,https:///rc/clk?jk=beb880f22ff16def&fccid=001bbc4468fd06ad&vjs=3
Software Developer I - 16 Month Co-op/Internship,Intact,Hybrid remote in Toronto  ON,https:///rc/clk?jk=eca6e2bf9e4cf690&fccid=a614b30520ebe6c9&vjs=3
Full-Stack Engineer,Penguin Benefits,Remote,https:///company/Penguin-Benefits/jobs/Full-Stack-Developer-6a809e55c437c1af?fccid=81de9a910c366402&vjs=3
Software Engineering Intern (Summer 2024),Dropbox,Remote,https:///rc/clk?jk=657b5039de6c35e6&fccid=f1d7bca9913021e8&vjs=3
Software Engineer Coop/Intern,Sandvine,Waterloo  ON,https:///rc/clk?jk=317a520bf57450a2&fccid=4e7fb77b1d807196&vjs=3
computer programmer,DS Solution Providers,Concord  ON,https:///rc/clk?jk=54868316c2e74e99&fccid=afced0a32c889ce6&vjs=3
Java Developer - C++ Oracle,Tata Consultancy Services,Toronto  ON,https:///rc/clk?jk=efbdef5ddeb7f219&fccid=d9b9208177142548&vjs=3
software engineer,MELON IT SERVICES,Barrie  ON,https:///rc/clk?jk=877631e04144b1dd&fccid=dd616958bd9ddc12&vjs=3
Backend Java Developer (Hybrid),Morgan Stanley,Remote in Montréal  QC,https:///rc/clk?jk=52d53374de7143bd&fccid=0c39fb2c91742dcf&vjs=3
Software Engineer  Launch Program 2024 - Vancouver  Canada,Mastercard,No location specified,https:///rc/clk?jk=b6652e7fe1d13e6b&fccid=10b5c722d846df43&vjs=3
Senior Data Engineer  New Initiatives - Remote,Dropbox,Remote in Toronto  ON,https:///pagead/clk?mo=r&ad=-6NYlbfkN0BXuQyu8a89IGjYOqzws6EwobUQWMJj07p0mQmaAEzBisd-4KyteHfkLpWPksQYKYBwBun5-ReXw7RdxaTSz9EDOP0wgYUpDJsrO0FCdtLA-6DWeD94C86hR31CPMVmjQDChDeLdbv0GhpC13k8ISmCSXGr5r-NkMlZX2rVZtgNFlfL1PgAyxbFRNuu0HyZGmOgKhn_5sO3UQt_W6G23GAeWpYMnFiF6K5Ys5fa87jzRefySFce5jdm4eE0Gh0FlV6l_2LCNfVgp2ax-hBVDHTfUkb5wSpSmd2WQABP54BW_VePgeUz3Gmp_fmO9AZq3Xnuy8umRRz05HajMeA92DTyJ7JDSiHYzq2_8UWUs-ADfsHdqpGKrgJak3xOuLK3SM5G3mm6mqvoOgixUhSd2LgrRDwNRqRAb5_Ohu_mGCpXJ3Jcz4DmOhQ2WM4Pg905Xlsr394rnO_lGfQqC1K7rrJmmfJlOHyhDa3k7t_OFaxnaI8MriW4C7Rz-2ey34V3IR9245te4DcwrfK1IX66HPe5AKeD0xwQINwMlEyLKfaiK83OW9fmlbEyvRXi0coqwWqY1uCKxYVvbDGP35JpUazXMdNvLBseTkbf_sMApaf06cs5JABo6VhWGF4g8T43SxTCuGBwTZCmpATVlAC0MQPtODQiXExJf4Gmvmzli_hpXs1PInwKa_ynAuhoHX32eoqu3PsbT1D5qzPOCm6TFFyy5Z4x94sbqMn_AnaknzVPyiGc47fcMmOXxvQw3QFBgp81378D1CkoHHQM5NReiXgeboY3nDYx8Xh8LCyxIZ_fCg==&xkcb=SoAM-_M3Lux8OIgD6r0FbzkdCdPP&p=14&fvj=0&vjs=3
Java Front End Developer,ALOIS,Toronto  ON,https:///company/ALOIS/jobs/Front-End-Developer-dc6481ad8bdb6a93?fccid=67918076828033bf&vjs=3
Développeur Java (Findur),Bank of Canada,Hybrid remote in Calgary  AB,https:///rc/clk?jk=b839e0a3da915b90&fccid=f183060fc5182bfe&vjs=3
Paid internship—Software Development (Fall 2023),mdf commerce,Remote in Ottawa  ON,https:///rc/clk?jk=53f8326a29ec2a88&fccid=c0eb6e3e7ab3aa0e&vjs=3
computer application programmer,Uwin Pro Inc.,Scarborough  ON,https:///rc/clk?jk=d5ec7cb8a594452e&fccid=390c3ffa69f3b366&vjs=3
Java Backend Developer (Java  Spring  Kafka  Docker) - Hybrid,Citi,Mississauga  ON,https:///rc/clk?jk=c1150557214b08f3&fccid=5bcd1ef0a7f4fb99&vjs=3
Software Development Engineer I,Yardi Systems  Inc.,Toronto  ON,https:///rc/clk?jk=b80648a1bac18c87&fccid=5db7aca102ef6428&vjs=3
Software Engineer,Paytm,Toronto  ON,https:///rc/clk?jk=ea621c8d77628a1e&fccid=4e917d9a3b14765d&vjs=3
Java Developer (Integration) - Remote,Software International,Remote in Toronto  ON,https:///rc/clk?jk=356bb225d6a04ef8&fccid=991677c8d1dc29b5&vjs=3
Java Backend Developer,Capgemini,Toronto  ON,https:///rc/clk?jk=f719e2db09279cb9&fccid=105ecfd0283f415f&vjs=3
Sr. Java Developer,Arthur Grand Technologies Inc,Toronto  ON,https:///company/Arthur-Grand-Technologies-Inc/jobs/Senior-Java-Developer-2044b7f4f5f39a24?fccid=115c0c3ffa0241fa&vjs=3
Software Developer,Ulto Property Group,Toronto  ON,https:///company/Ulto-Property-Group/jobs/Software-Engineer-e56d7db41aea20dd?fccid=5fc4ee0fb17e8c6c&vjs=3
Software Engineering Intern,Ciena,Ottawa  ON,https:///rc/clk?jk=8ed58586dfb975e3&fccid=144a39be55e8440b&vjs=3
JAVA Applications Support Specialist,Marsh & McLennan Companies,Toronto  ON,https:///company/Marsh-McLennan/jobs/Application-Specialist-154535fb409f323f?fccid=d46039b952140fd4&vjs=3
Java Developer - HYBRID,Software International,Cambridge  ON,https:///rc/clk?jk=8aede33f2218eece&fccid=991677c8d1dc29b5&vjs=3
Senior Data Engineer  New Initiatives - Remote,Dropbox,Remote in Toronto  ON,https:///pagead/clk?mo=r&ad=-6NYlbfkN0BXuQyu8a89IGjYOqzws6EwobUQWMJj07p0mQmaAEzBisd-4KyteHfkLpWPksQYKYBwBun5-ReXw7RdxaTSz9EDOP0wgYUpDJsrO0FCdtLA-6DWeD94C86hR31CPMVmjQDChDeLdbv0GhpC13k8ISmCSXGr5r-NkMmpuGosA92iuHyn9e7ukXGiQGcui3gVXWfB07YJCizpX_XiFnKodch86h71dhbTe1Xo5QdS1AVDmjZPqy9KXGHfTTSSqMZ6xEJibwVQKrP-HKx98SvIMPaOsd3tlOSrYQoeI0SjXYD_NCVXNk1lsw0iiHVUj3tGBmqnJoZuh88tX4BJDYo74XEeAaz-tum5s7dPyA4_tvZ_kpJWDNFn1aCNR2Vzb0zgO3KkgRyl2j1dTTu_9PAr_oj_WWgWWYgL-k9hP960THjmsWoEUdsskZlhiDeSZLuSX0Z_SV-73qrztfQYCZrQgi2BqLcZw7lu7zv4IBP-uSpOg0NHo-Y1s_LYWLO4qmyMKgtQRCKlLPZrKSkBx9rRpZAfXroaofTb-c-MTmXwi8G30LgJ23zXWyxwtIAp1zixMj4BXoH5LxuvcPRf0lVU8SMGWi8k8f5AzkTEv-QzhkOFz36KUBJ_hvF8FYJwSkXqsOqIQmrWlFHUE6r8jIqkdNuCLVvc6jRtjBm_8itQ7WHzT-q_RLODBA7LPQk5TA3iaS1Vxu_Y8HrhCxASbEa84s5_plrkF-S0P9qB9fc9n-kqbXyyw9qXWa0TyNUFbw0CJXnw8WBk-V66ecI7LENo5g6peC7Ejw6-RnPJC7q1tXvhzQ==&xkcb=SoC1-_M3Lux7weQgYh0bbzkdCdPP&p=14&fvj=0&vjs=3
Senior Java Developer,Dye & Durham Corporation,Toronto  ON,https:///company/Dye-&-Durham/jobs/Senior-Java-Developer-b725626de3c59fa6?fccid=b64a3aa2ab04c704&vjs=3
Full Stack Java Developer,Dawn InfoTek Inc.,Toronto  ON,https:///company/www.dawninfotek.com/jobs/Full-Stack-Developer-8ce96bf1627ad1fc?fccid=b92bdfc2ac8613c3&vjs=3
Senior Java Engineer,Adevinta,Remote in Toronto  ON,https:///rc/clk?jk=4bfda3f2cd299478&fccid=5aecff49966a6ffd&vjs=3
Java/Python Developer with C++ skills,Luxoft,Toronto  ON,https:///rc/clk?jk=adc5b5e58ebd4ff4&fccid=4b841d912d46e4fd&vjs=3
Software Development Engineer in Test,Hatch,Mississauga  ON,https:///rc/clk?jk=ebebe4414902dbb7&fccid=271f4b71c532dd4b&vjs=3
Java Full Stack Developer,NR Consulting LLC,Mississauga  ON,https:///company/NR-Consulting-LLC/jobs/Full-Stack-Developer-16bd7afe1aeb260c?fccid=3800c35bb29ac508&vjs=3
Full Stack Developer (Java),Synpulse Holding AG,Toronto  ON,https:///rc/clk?jk=8446c4cbaa1257c4&fccid=c16bed8b351e69c6&vjs=3
Full Stack Developer,My Fit Chef,Remote,https:///company/My-Fit-Chef/jobs/Full-Stack-Developer-16d2029a002416df?fccid=04ad7ed313250e65&vjs=3
Web developer,CRYSTAL EDGE CARE,Corunna  ON,https:///rc/clk?jk=eeb531d45e45591b&fccid=469c36a3de17bb25&vjs=3
software developer,Almon Consulting Company,Mississauga  ON,https:///rc/clk?jk=3896a340c1649ea2&fccid=e5cf4d37f46e6bd8&vjs=3
Software Developer I - Web and Content,OCAS Application Services Inc.,Remote in Guelph  ON,https:///rc/clk?jk=d47a5416dca2787d&fccid=a054fbaf2c9566d8&vjs=3
Senior Data Engineer  New Initiatives - Remote,Dropbox,Remote in Toronto  ON,https:///pagead/clk?mo=r&ad=-6NYlbfkN0BXuQyu8a89IGjYOqzws6EwobUQWMJj07p0mQmaAEzBisd-4KyteHfkLpWPksQYKYBwBun5-ReXw7RdxaTSz9EDOP0wgYUpDJsrO0FCdtLA-6DWeD94C86hR31CPMVmjQDChDeLdbv0GhpC13k8ISmCSXGr5r-NkMnWjqcScU4wNf4EuJp_REGN4E-FDZ9hude9J-a9gd1rnRFBDwjmakNhdvakuyKDJRMUoU8PYtI9vqmPTr0HeDweHea5XfSlDzyQilRzBPzMmr2ZL5MVDr8G-un_1_DYqUkNk4FWoZpE7KyAe5tqBXfpyNsgG5JZXP9pBziNOzQwcz9SlJpxgjz2kk2nmWkM6t4yXErrVwUyzlcfe0ze_0HZyEvuB2WFMRXln7dQjUrPO2QjIwz65FidpKhZiIPkQcOQWUeImOaEfNrr-S4kLFisXW5L-5T2LKaLkUwwGW9mZlE-12qJAEvcDwBrd79GHiE1XlJsH44O0QJo-Q-eqsVGYOGwJNhPQIj8SqbUmSzZZjMFhojbqwBLgXjI3Cg8-a8ams7bck1U1QVmeUKS7xMpdwF65nz-oedWFfqlRUQKw6WQ9izT48e2DIHUnbPMXn-OOM1tf6Q23RQeHJvdSmherWcMur_O4yg4GxtI6LydSxPptDrARLnMUs3XKgxxN2FJJSMb2W_VDLkjEKMpCRAOSoBE74-EI5oDWUcVsWDFVjpiDpgWq5DVsOuEuVu-C3jZo9hG37F-85ziPUHom4Flmh1Akt3_yusiU08ZVMS_JMmZpJ6fkzrFZWodJZN2NYB3Q7LGZe9YNQ==&xkcb=SoDP-_M3Lux75BTOiJ0FbzkdCdPP&p=11&fvj=0&vjs=3
Staff Software Engineer,Coursera Sourcing,Toronto  ON,https:///rc/clk?jk=cbfe7dbd9b43a1c5&fccid=ad7fc539893bcb6d&vjs=3
Intern Java Developer - Calgary  Alberta,teknol.xyz,Calgary  AB,https:///company/teknol.xyz/jobs/Java-Developer-b9ff4a488ca3af64?fccid=ead894d1f36a2d9d&vjs=3
Software Developer,Bluewaves Mobility Innovation Inc,North York  ON,https:///company/Bluewaves-Mobility-Innovation-Inc/jobs/Software-Engineer-ff503f5c057a33ad?fccid=9ee9bed0cc116f5d&vjs=3
